"file";"features";"insee";"ntot";"nna";"n0";"mean";"std";"min";"med";"max"
"train";"capeinsSOL0";"6088001";52756;5006;1740;89,79728316936;194,463741512388;0;3,66555251099636;2291,194434
"train";"capeinsSOL0";"31069001";52778;5006;10952;75,4713629175445;170,476803168177;0;8,35113367941636;2151,25915326346
"train";"capeinsSOL0";"33281001";52770;5006;8804;67,7449522537833;142,744100069349;0;9,94617581850065;1732,09384391941
"train";"capeinsSOL0";"35281001";52770;5006;9928;42,4522008553109;100,488350596544;0;5,26936019025189;1375,81037941628
"train";"capeinsSOL0";"59343001";52778;5006;11106;43,5900658458635;120,797001482589;0;4,30778162627782;2448,67211783967
"train";"capeinsSOL0";"67124001";52776;5006;12522;57,1296782362911;145,635734826631;0;3,20695135521177;1934,30905076626
"train";"capeinsSOL0";"75114001";52778;5006;3416;43,9193899291384;101,282771117328;0;6,66024763777568;1390,36736208294
"train";"ciwcH20";"6088001";52756;18;52738;0;0;0;0;0
"train";"ciwcH20";"31069001";52778;18;52458;2,14042002856896e-08;5,99307022717791e-07;0;0;3,46105928748594e-05
"train";"ciwcH20";"33281001";52770;18;52508;2,65828605099813e-08;8,50241057502079e-07;0;0;4,76341559239853e-05
"train";"ciwcH20";"35281001";52770;18;52228;5,12269040037947e-08;1,06546720210347e-06;0;0;4,35786907182368e-05
"train";"ciwcH20";"59343001";52778;18;52236;4,62443358212148e-08;9,90164851379585e-07;0;0;4,35765076740326e-05
"train";"ciwcH20";"67124001";52776;18;51190;1,62877340975302e-07;1,93332546735471e-06;0;0;6,45720693859125e-05
"train";"ciwcH20";"75114001";52778;18;52414;8,32124811522665e-09;3,01058267348317e-07;0;0;2,05401936744063e-05
"train";"clwcH20";"6088001";52756;4;51242;1,5386973460497e-06;1,79333826507459e-05;0;0;0,000395033238405605
"train";"clwcH20";"31069001";52778;4;47532;4,78290968857872e-06;3,34060488521872e-05;0;0;0,00041116072897192
"train";"clwcH20";"33281001";52770;4;41578;6,87802182701339e-06;4,02340703841567e-05;0;0;0,000446706531041012
"train";"clwcH20";"35281001";52770;4;41030;8,12306418078935e-06;4,26533274933054e-05;0;0;0,000411596213548339
"train";"clwcH20";"59343001";52778;4;42398;5,32029110729342e-06;3,30305205055583e-05;0;0;0,000410081065370007
"train";"clwcH20";"67124001";52776;4;42072;1,05506192512348e-05;4,89416445666015e-05;0;0;0,000434357146339556
"train";"clwcH20";"75114001";52778;4;47254;2,29494229354983e-06;1,89929267897192e-05;0;0;0,00037588554622778
"train";"ffH10";"6088001";52756;6;0;3,3053813731258;2,47012290804521;0,0239693973283928;2,57400381110853;16,7560706626801
"train";"ffH10";"31069001";52778;6;0;3,48351108828337;2,10458839658669;0,0280851820194592;3,15944628170348;14,0366466366585
"train";"ffH10";"33281001";52770;6;0;3,16992181634134;1,66867026359135;0,0513050690828791;2,8576635397303;17,4499886613232
"train";"ffH10";"35281001";52770;6;0;3,4709845889607;1,9488172463467;0,0118251573632411;3,18520236160117;14,3010018420624
"train";"ffH10";"59343001";52778;6;0;4,48852368970474;2,43072536671069;0,0583942085912193;4,03566563213291;17,4278039155337
"train";"ffH10";"67124001";52776;6;0;2,88879370955324;1,83867836630829;0,00822980277488484;2,49886352299609;13,9625008069286
"train";"ffH10";"75114001";52778;6;0;3,03847781234588;1,38470618456118;0,0249026713426537;2,87684112512348;11,8099706708251
"train";"flir1SOL0";"6088001";52756;50;0;-288926,804113318;102896,397219257;-586564,619975088;-309069,896101235;-7649,66771008012
"train";"flir1SOL0";"31069001";52778;50;0;-228166,137845038;144332,291668263;-816882,554121104;-221239,140587338;64290,1608689726
"train";"flir1SOL0";"33281001";52770;50;0;-213052,913125652;136345,275631139;-773010,956293449;-212454,446633365;67194,0103610775
"train";"flir1SOL0";"35281001";52770;50;0;-189266,523650353;124721,734281883;-618211,784903253;-199303,378928303;48134,3053439848
"train";"flir1SOL0";"59343001";52778;50;0;-186496,725920218;121671,580999027;-563517,98104407;-197116,553925665;53258,0297070737
"train";"flir1SOL0";"67124001";52776;50;0;-202539,681894811;128484,266468837;-677321,879198076;-202049,817744255;78624,2996811864
"train";"flir1SOL0";"75114001";52778;50;0;-220284,802399826;141685,103583857;-781396,764254267;-226138,955349797;58182,102833688
"train";"fllat1SOL0";"6088001";52756;22;0;-187881,519980309;145538,135436715;-1780444,51244624;-152171,882721897;1620,19335702239
"train";"fllat1SOL0";"31069001";52778;24;2;-136497,425121858;220162,091048118;-1368722,50746363;-22764,0682285503;147614,103781654
"train";"fllat1SOL0";"33281001";52770;24;2;-152107,668633357;247255,734291283;-1503121,76077511;-23924,6790370291;100884,625885249
"train";"fllat1SOL0";"35281001";52770;22;2;-167903,455063419;271095,255464022;-1646751,98043603;-34594,2782794829;127841,358517646
"train";"fllat1SOL0";"59343001";52778;22;0;-173228,067487452;289525,11886178;-1708376,91629374;-40147,97965838;116066,907490627
"train";"fllat1SOL0";"67124001";52776;24;8;-157731,943860384;277555,596462257;-1734328,44806862;-18340,595285416;185747,360874172
"train";"fllat1SOL0";"75114001";52778;24;2;-66955,1117596986;114441,509554033;-1715878,37982655;-18176,7492728985;57358,9445515862
"train";"flsen1SOL0";"6088001";52756;42;0;-49730,0283016461;83518,033140335;-488710,101592519;-26204,9493093503;415901,227699288
"train";"flsen1SOL0";"31069001";52778;40;0;-106996,505329788;284137,602454567;-1587631,40197536;-609,205378502583;633230,613454998
"train";"flsen1SOL0";"33281001";52770;40;0;-81245,3518860061;272939,764225323;-1889881,5254432;12523,3064386764;651365,953013876
"train";"flsen1SOL0";"35281001";52770;40;0;-44651,4081843734;221841,245221922;-1281670,00215732;12272,3038697538;625259,436049818
"train";"flsen1SOL0";"59343001";52778;40;0;-5302,61886557481;186526,925610028;-973290,422185715;35788,6457035537;641199,521351288
"train";"flsen1SOL0";"67124001";52776;42;0;-48029,5351864678;200839,691925882;-1296880,73445512;9450,481483;683665,629615787
"train";"flsen1SOL0";"75114001";52778;40;0;-175566,112608254;310718,537834782;-1771910,48942004;-47706,6536330816;434815,402301783
"train";"flvis1SOL0";"6088001";52756;32;18894;538311,412764097;841251,992124836;0;10,3709806497147;3206372,36967658
"train";"flvis1SOL0";"31069001";52778;32;19464;448576,312005203;729950,316625465;0;3,60000000007555e-12;2954862,29952283
"train";"flvis1SOL0";"33281001";52770;32;19594;428166,6062361;705313,158739296;0;3,60000000007555e-12;2909658,97745471
"train";"flvis1SOL0";"35281001";52770;32;19776;375895,718599425;639906,252470816;0;3,60000000007555e-12;2764498,14177304
"train";"flvis1SOL0";"59343001";52778;32;19188;351369,008440497;596760,77329087;0;3,60000000007555e-12;2641822,21349469
"train";"flvis1SOL0";"67124001";52776;32;18734;395486,418427616;648566,179327117;0;28,0204825922863;2686533,39068794
"train";"flvis1SOL0";"75114001";52778;32;19356;392447,264104281;665027,751330219;0;3,60000000007555e-12;2910375,10573452
"train";"hcoulimSOL0";"6088001";52756;6;0;332,145112583106;438,389624538872;0,167873157188092;184,044037223444;5289,70772665137
"train";"hcoulimSOL0";"31069001";52778;6;0;503,358007273303;481,846211966622;1,05254092002724;390,673039936443;5004,34846413662
"train";"hcoulimSOL0";"33281001";52770;6;0;504,096870170205;540,789270121077;2,66646824620297;300,602202294574;5034,30857371238
"train";"hcoulimSOL0";"35281001";52770;6;0;538,060035282408;516,775609936822;0,10169457990559;378,651279284007;5124,37860873374
"train";"hcoulimSOL0";"59343001";52778;6;0;525,055798426687;487,295506235962;0,999965667724609;381,755018372394;5025,36444615936
"train";"hcoulimSOL0";"67124001";52776;6;0;424,632972966246;526,83751117047;0,0966933416197173;211,568584801633;4923,04137000452
"train";"hcoulimSOL0";"75114001";52778;6;0;611,724235126189;504,955724166708;7,39671488627954;455,441986657893;5009,08935602545
"train";"huH2";"6088001";52756;6;0;70,6095733382628;14,7954481073946;15,270922919512;72,9730150634747;100,3803818
"train";"huH2";"31069001";52778;6;0;75,4804547660629;16,6754562502868;13,1687042372148;80,6281710030866;99,8809311631746
"train";"huH2";"33281001";52770;6;0;78,2756124576293;17,3395640773333;20,0462378314525;84,2333850691689;99,9867987283316
"train";"huH2";"35281001";52770;6;0;82,475372746017;13,8726196381007;25,863349885151;87,238079623361;99,9832565896213
"train";"huH2";"59343001";52778;6;0;83,4288317194996;12,6976744158184;29,2559732535353;87,25720465571;100,028161505244
"train";"huH2";"67124001";52776;6;0;80,3187782397935;15,8390614583328;18,9832564633888;85,0527135270907;100,481985010993
"train";"huH2";"75114001";52778;6;0;72,3402222720829;15,6488973221508;16,3552108395295;76,1774785604476;99,9488480036433
"train";"iwcSOL0";"6088001";52756;6;52750;0;0;0;0;0
"train";"iwcSOL0";"31069001";52778;6;52226;0,0305915624304962;0,39382379061237;0;0;8,20368781122671
"train";"iwcSOL0";"33281001";52770;6;52648;0,000289549571697772;0,00731949146423699;0;0;0,283514285
"train";"iwcSOL0";"35281001";52770;6;52262;0,00309961754970585;0,0618930049492018;0;0;3,58385237323816
"train";"iwcSOL0";"59343001";52778;6;51774;0,010172763940577;0,122949726625925;0;0;3,39249445914172
"train";"iwcSOL0";"67124001";52776;6;50678;0,0706672517442226;0,724696078121973;0;0;12,6358318328857
"train";"iwcSOL0";"75114001";52778;6;52014;0,00249371093091006;0,0354406626489806;0;0;1,06466806287065
"train";"nbSOL0_HMoy";"6088001";52756;6;21682;1,32716852863418;2,28964876756864;0;0,0169163776111113;8
"train";"nbSOL0_HMoy";"31069001";52778;6;14626;2,63004872249927;3,09470731833528;0;0,810111454249015;8
"train";"nbSOL0_HMoy";"33281001";52770;6;13608;2,716026086312;3,10463653497573;0;0,986808567415584;8
"train";"nbSOL0_HMoy";"35281001";52770;6;8626;3,43470386319715;3,24316611589147;0;2,59264864265209;8
"train";"nbSOL0_HMoy";"59343001";52778;6;10074;3,3794340111265;3,30146239138959;0;2,31243023635256;8
"train";"nbSOL0_HMoy";"67124001";52776;6;12100;2,71395324500042;3,06020667563291;0;1,12118677060066;8
"train";"nbSOL0_HMoy";"75114001";52778;6;12886;3,07980690220437;3,27042659094516;0;1,53978011707117;8
"train";"nH20";"6088001";52756;1788;49874;0,0580670083615617;0,611525294886344;0;0;8,49024547058346
"train";"nH20";"31069001";52778;1788;46660;0,207509580304867;1,1858059006336;0;0;8,25709355444651
"train";"nH20";"33281001";52770;1788;41626;0,304770926725742;1,37083822446341;0;0;8,08284402101388
"train";"nH20";"35281001";52770;1788;41582;0,364973226147259;1,51432155155441;0;0;8,308851562615
"train";"nH20";"59343001";52778;1788;42404;0,283424360007703;1,29557253570995;0;0;8,19308847160256
"train";"nH20";"67124001";52776;1788;41924;0,486416026244351;1,76746589096622;0;0;8,33240554537955
"train";"nH20";"75114001";52778;1788;46496;0,148428867758853;0,954658246523239;0;0;8,2429617603121
"train";"ntSOL0_HMoy";"6088001";52756;6;8246;4,01935580988749;3,41036651889256;0;4,04034465128595;8
"train";"ntSOL0_HMoy";"31069001";52778;6;5252;4,98035117356933;3,28260876159992;0;6,71314810378811;8
"train";"ntSOL0_HMoy";"33281001";52770;6;4760;5,13129758140701;3,24973014066651;0;7,0175973584916;8
"train";"ntSOL0_HMoy";"35281001";52770;6;3280;5,40236137209543;3,14574463655749;0;7,38743778327354;8
"train";"ntSOL0_HMoy";"59343001";52778;6;2602;5,5991233379934;3,08374315548248;0;7,65590907057285;8
"train";"ntSOL0_HMoy";"67124001";52776;6;3370;5,33663641782282;3,16147899200942;0;7,29003845962844;8
"train";"ntSOL0_HMoy";"75114001";52778;6;4234;5,35248692191478;3,21844746642027;0;7,47400847664245;8
"train";"pMER0";"6088001";52756;86;0;1014,9793591216;7,8846926417649;987,346832797779;1014,62830013275;1036,19985075255
"train";"pMER0";"31069001";52778;86;0;1018,11857467542;7,96734646510332;986,893002189689;1017,94956001852;1043,22879667662
"train";"pMER0";"33281001";52770;86;0;1017,75383380803;8,2917881034793;984,951431142799;1017,95653695828;1043,06572705556
"train";"pMER0";"35281001";52770;86;0;1016,52652249726;9,45525087196363;980,366196568594;1017,42706573166;1043,563596
"train";"pMER0";"59343001";52778;86;0;1015,61074166516;9,49214307789184;980,690374354362;1016,23910039463;1042,27550027847
"train";"pMER0";"67124001";52776;86;0;1017,14423248339;8,29870063177381;986,219053251836;1017,0025;1041,151875
"train";"pMER0";"75114001";52778;86;0;1016,53634437822;9,02816099779015;979,614906481512;1017,00910790521;1041,97449327315
"train";"rr1SOL0";"6088001";52756;8;43650;0,0913373428338109;0,74271302197361;-0,056640625;0;23,0280893428062
"train";"rr1SOL0";"31069001";52778;8;37184;0,0829062542387928;0,499964153972592;-0,056640625;0;17,6499865682578
"train";"rr1SOL0";"33281001";52770;8;34514;0,120057414837068;0,631520594479505;-0,056640625;0;24,9096275496558
"train";"rr1SOL0";"35281001";52770;8;32564;0,104514148289537;0,50508884108516;-0,056640625;0;18,3827478822865
"train";"rr1SOL0";"59343001";52778;8;33310;0,0965637617320857;0,527329969433767;-0,056640625;0;30,1486952592102
"train";"rr1SOL0";"67124001";52776;8;35566;0,0775621254672844;0,476574014140627;-0,0670114142776656;0;17,9442571011023
"train";"rr1SOL0";"75114001";52778;8;35254;0,0936277490975364;0,525610307408816;-0,056640625;0;23,7291247690953
"train";"rrH20";"6088001";52756;2;48160;0,0032122811595732;0,029366724159546;0;0;1,75483930078005
"train";"rrH20";"31069001";52778;2;44688;0,00331772289270522;0,0202750175314415;0;0;0,955647369827183
"train";"rrH20";"33281001";52770;2;43384;0,00450994987750511;0,0244183207556273;0;0;0,855506364
"train";"rrH20";"35281001";52770;2;42104;0,00410418143315712;0,0209619076465469;0;0;0,689387293174361
"train";"rrH20";"59343001";52778;2;42194;0,00393609242888476;0,023045565441831;0;0;1,09165524668169
"train";"rrH20";"67124001";52776;2;44548;0,00292137323033942;0,0172885813452327;0;0;0,615897163548603
"train";"rrH20";"75114001";52778;2;43276;0,00369039138247887;0,0204866244758794;0;0;0,874665392746952
"train";"tH2";"6088001";52756;0;0;16,3260817413801;4,75249724332161;5,16315733481913;15,420585773326;34,0947529833419
"train";"tH2";"31069001";52778;0;0;13,1172130773782;6,85019026715237;-6,73780218028237;12,5341152949028;39,642168102474
"train";"tH2";"33281001";52770;0;0;12,7976102382978;6,40936397910485;-6,50161543722351;12,1911860332549;37,7341158118835
"train";"tH2";"35281001";52770;0;0;10,8735551273889;5,60789524768599;-6,15998940421592;10,6538704744772;32,5861766570328
"train";"tH2";"59343001";52778;0;0;9,83007560112902;5,83029963256781;-5,72347733780805;9,52284939269946;31,9046178686497
"train";"tH2";"67124001";52776;0;0;10,1393746477281;7,11669551629477;-9,77634900047847;9,40739490505406;36,4654524508967
"train";"tH2";"75114001";52778;0;0;11,9238971796276;6,22884253291956;-5,32537367230615;11,4403540434167;36,4164526773388
"train";"tH2_VGrad_2.100";"6088001";52756;2;0;-0,409286919387253;1,08207277124646;-2,74296527365378;-0,690189382282324;6,91508122779756
"train";"tH2_VGrad_2.100";"31069001";52778;2;0;-0,393997711413082;2,08082437883553;-9,27532100774399;-0,57965199645801;8,51100643523485
"train";"tH2_VGrad_2.100";"33281001";52770;2;0;0,040832512322627;2,29067316779982;-5,46168573528768;-0,311785862896539;10,1785250387706
"train";"tH2_VGrad_2.100";"35281001";52770;2;0;0,000357327640088109;1,70415116545464;-3,42251967030825;-0,394405189912504;11,7141951633217
"train";"tH2_VGrad_2.100";"59343001";52778;2;0;0,140674414149122;1,86815193697116;-3,68133420451068;-0,372270230126844;10,8872847652506
"train";"tH2_VGrad_2.100";"67124001";52776;2;0;0,543251833109503;2,29202828656089;-3,91975136662955;0,00781035892578963;10,5144183853555
"train";"tH2_VGrad_2.100";"75114001";52778;2;0;-1,20816747211336;0,876797758075353;-3,78389093571194;-1,12305984266429;4,80634517620622
"train";"tH2_XGrad";"6088001";52756;0;0;0,00112978233401783;0,00225490832197743;-0,022873105689403;0,000719909530904716;0,0151590472348342
"train";"tH2_XGrad";"31069001";52778;0;0;0,0018913018721527;0,00253058606527611;-0,0102280490161219;0,00115071673016644;0,02802292737121
"train";"tH2_XGrad";"33281001";52770;0;0;0,00122610435387285;0,00294661070138931;-0,0119002338378986;0,00130651060693474;0,0147445477713641
"train";"tH2_XGrad";"35281001";52770;0;0;0,00170576999656531;0,00194978880515265;-0,0074374137443705;0,00124132176004979;0,0198349570764308
"train";"tH2_XGrad";"59343001";52778;0;0;-0,000226884736797673;0,0015629916050436;-0,0123386439442128;-8,97214406804237e-05;0,0129567556249687
"train";"tH2_XGrad";"67124001";52776;0;0;0,00126107738687829;0,0021259968679171;-0,0128932046406808;0,000936219601981333;0,015453439
"train";"tH2_XGrad";"75114001";52778;0;0;0,000233325956125284;0,00125020582123419;-0,00753162511371133;0,000391352622054727;0,0131605743146468
"train";"tH2_YGrad";"6088001";52756;0;0;-0,00142431837276396;0,00675894996943887;-0,0212233543287249;-0,00246224031334518;0,0314062466843099
"train";"tH2_YGrad";"31069001";52778;0;0;-0,000935358430760621;0,00164837775734099;-0,0170204681802811;-0,000592478707464774;0,0124329481305213
"train";"tH2_YGrad";"33281001";52770;0;0;-0,000147326134572604;0,00121801831354321;-0,0164626521212515;-4,52504651700824e-05;0,00697561645875848
"train";"tH2_YGrad";"35281001";52770;0;0;0,000958497917651086;0,00144517679645192;-0,0103297272802791;0,000639594786228683;0,0112958630898465
"train";"tH2_YGrad";"59343001";52778;0;0;0,00202961881939999;0,0022836729987489;-0,00838852591722308;0,00130431696076436;0,0152808225394497
"train";"tH2_YGrad";"67124001";52776;0;0;-0,00022376067072538;0,00141523990299546;-0,0125209011724556;-0,000222805904263609;0,0143134657911553
"train";"tH2_YGrad";"75114001";52778;0;0;0,00219970398127331;0,00157439066999115;-0,00576606428095536;0,00197012664374179;0,0127297452130216
"train";"tpwHPA850";"6088001";52756;18;0;11,2121335783999;4,08052591173634;-0,31315590423617;11,0146219616451;22,1773576015782
"train";"tpwHPA850";"31069001";52778;18;0;10,5399099825162;4,38209901050898;-2,34390332550322;10,5138122223113;22,4200181587709
"train";"tpwHPA850";"33281001";52770;18;0;10,060182514213;4,21463219796374;-2,892091766;9,93875572495921;22,3254886280715
"train";"tpwHPA850";"35281001";52770;18;0;8,90777353368425;4,10235978801192;-2,90266838061268;8,77310653742791;21,579564528252
"train";"tpwHPA850";"59343001";52778;18;0;8,26587995416921;4,43742635753253;-3,0064451485872;8,22290030047259;22,606778111459
"train";"tpwHPA850";"67124001";52776;18;0;9,34482715883455;4,74478089264612;-3,4774513351498;9,40572137120183;22,11891752
"train";"tpwHPA850";"75114001";52778;18;0;8,79995864697875;4,43915520744411;-2,74263062356601;8,7113060086641;21,5989037384999
"train";"ux1H10";"6088001";52756;6;0;-0,950822828756573;4,88339976890041;-22,4703581478242;-0,208382236305592;21,1548220529075
"train";"ux1H10";"31069001";52778;6;0;1,59890708294875;5,90012437275126;-22,1628609602822;1,44241594843567;25,4357213982707
"train";"ux1H10";"33281001";52770;6;0;1,21575725631638;5,02830884277868;-16,6150752145496;0,862838169151019;29,1568806873428
"train";"ux1H10";"35281001";52770;6;0;1,4667196938111;4,78839065977642;-12,6317954673291;1,28274208845505;28,4314032303901
"train";"ux1H10";"59343001";52778;6;0;1,90523086468633;5,27522968956921;-13,4484958630076;1,63141857824967;26,7805194835386
"train";"ux1H10";"67124001";52776;6;0;1,03575052406342;3,28845159052408;-18,3184162726394;0,687961508418113;23,7836663644195
"train";"ux1H10";"75114001";52778;6;0;1,6276654979367;4,62301532996842;-17,6684555733464;1,37107314337014;23,7052213120403
"train";"vapcSOL0";"6088001";52756;6;0;19,4085772057463;8,09046778452656;1,88860349023889;18,1400562062045;49,5671939345629
"train";"vapcSOL0";"31069001";52778;6;0;18,3507041855305;7,80768905464486;2,47525633874125;17,1858227998275;53,5445436912977
"train";"vapcSOL0";"33281001";52770;6;0;18,4474063927634;7,74617908917268;1,49274656026648;17,3525780010969;52,9517998261668
"train";"vapcSOL0";"35281001";52770;6;0;17,1763705250738;7,19103761903238;1,30588081479073;16,0110778212547;50,7619601943626
"train";"vapcSOL0";"59343001";52778;6;0;16,4030786117883;7,41502866995696;1,87320269405973;15,1388490223872;51,2057264542527
"train";"vapcSOL0";"67124001";52776;6;0;17,0654005328596;7,93546741366059;2,41940450668335;15,7473116981564;54,5923553680765
"train";"vapcSOL0";"75114001";52778;6;0;16,8772651543419;7,55576488775396;2,10594625727026;15,6365765026348;45,1836948484251
"train";"vx1H10";"6088001";52756;6;0;-0,530389626378931;3,60197539632716;-17,4608740465311;-1,02994833190313;26,2374043449108
"train";"vx1H10";"31069001";52778;6;0;0,602236238516667;4,07788558407366;-20,111824360305;0,273418494732068;21,1629306530542
"train";"vx1H10";"33281001";52770;6;0;0,20498618928188;4,25541766996075;-16,2783757922338;0,400985706957405;26,574025448602
"train";"vx1H10";"35281001";52770;6;0;1,09475542308521;5,40548458316904;-17,6042648523944;1,10403871194874;25,1759711992381
"train";"vx1H10";"59343001";52778;6;0;2,05739199835524;5,79733161801265;-19,3651140332385;1,96305766462585;23,7727844679375
"train";"vx1H10";"67124001";52776;6;0;0,573780087245745;4,70899916194737;-16,7264553738643;0,631056638143469;20,3294859211893
"train";"vx1H10";"75114001";52778;6;0;1,11861710092151;5,43384210692308;-17,0671433599643;1,37224353215234;23,3770646606407
"test";"capeinsSOL0";"6088001";3024;0;174;93,4175919990185;178,170116547951;0;1,9975329665;1237,017306
"test";"capeinsSOL0";"31069001";3024;0;678;97,8837402841372;184,904613927476;0;16,02381431;1622,019622
"test";"capeinsSOL0";"33281001";3024;0;564;72,6326458581412;141,421548783304;0;7,891776395;1237,1451
"test";"capeinsSOL0";"35281001";3024;0;538;43,7729648786283;126,324603011763;0;5,0056174615;1624,050276
"test";"capeinsSOL0";"59343001";3024;0;644;61,4644478292566;155,96603887291;0;6,188408426;2016,001593
"test";"capeinsSOL0";"67124001";3024;0;536;95,4111000563049;212,515961279709;0;8,4679412805;1857,378127
"test";"capeinsSOL0";"75114001";3024;0;183;53,6952334282483;128,677872723549;0;9,653882742;1612,574974
"test";"ciwcH20";"6088001";3024;0;3024;0;0;0;0;0
"test";"ciwcH20";"31069001";3024;0;3001;3,76846745039683e-08;7,9355579287133e-07;0;0;2,62e-05
"test";"ciwcH20";"33281001";3024;0;3016;7,18047255291005e-09;1,73314800407963e-07;0;0;6,1e-06
"test";"ciwcH20";"35281001";3024;0;3014;3,32594279100529e-09;1,0140668433048e-07;0;0;4,76e-06
"test";"ciwcH20";"59343001";3024;0;3024;0;0;0;0;0
"test";"ciwcH20";"67124001";3024;0;2831;1,94780693571429e-07;1,53369667428187e-06;0;0;2,81e-05
"test";"ciwcH20";"75114001";3024;0;3004;8,74550595238095e-09;1,93401325720929e-07;0;0;7,79e-06
"test";"clwcH20";"6088001";3024;0;2925;9,77888738095238e-07;1,45515438278866e-05;0;0;0,000355413
"test";"clwcH20";"31069001";3024;0;2644;1,55614645095899e-05;6,24015980374787e-05;0;0;0,000418832
"test";"clwcH20";"33281001";3024;0;2424;1,65074693584656e-05;6,1088528721179e-05;0;0;0,000399849
"test";"clwcH20";"35281001";3024;0;2085;2,05380049451058e-05;6,64711063882958e-05;0;0;0,000397274
"test";"clwcH20";"59343001";3024;0;2394;6,67466589616402e-06;3,90117646521708e-05;0;0;0,000407996
"test";"clwcH20";"67124001";3024;0;2235;1,81534284730159e-05;6,15280174762959e-05;0;0;0,000405658
"test";"clwcH20";"75114001";3024;0;2666;4,36927354861111e-06;2,80858427632274e-05;0;0;0,000328984
"test";"ffH10";"6088001";3024;0;0;3,08216206058168;2,13438366700364;0,041120674;2,638537612;15,72973145
"test";"ffH10";"31069001";3024;0;0;2,94341999460813;1,74467558239086;0,047973397;2,7576028925;10,58011487
"test";"ffH10";"33281001";3024;0;0;2,44827183233036;1,22320258426693;0,084715153;2,254334034;15,3137113
"test";"ffH10";"35281001";3024;0;0;2,58330513925397;1,40672152050997;0,036060744;2,4137179355;11,18173187
"test";"ffH10";"59343001";3024;0;0;3,49397703151455;1,50721745044937;0,077428986;3,4144083805;10,56208181
"test";"ffH10";"67124001";3024;0;0;1,85851992874769;1,1460357460492;0,021315459;1,639424046;8,048486406
"test";"ffH10";"75114001";3024;0;0;2,35574981617659;1,03456893569429;0,007118347;2,2708758405;9,791955541
"test";"flir1SOL0";"6088001";3024;14;0;-305224,058925894;92995,7737206676;-524209,3904;-321631,4655;-27651,39409
"test";"flir1SOL0";"31069001";3024;14;0;-280273,802730311;175866,607353394;-784320,3556;-245296,9102;40300,77776
"test";"flir1SOL0";"33281001";3024;14;0;-251907,284428238;158006,346246208;-773377,0758;-219483,45945;53203,87851
"test";"flir1SOL0";"35281001";3024;14;0;-180038,533028406;132150,36426079;-597661,697;-178961,1282;33648,12537
"test";"flir1SOL0";"59343001";3024;14;0;-172668,627856163;113847,52849744;-517707,216;-180820,92135;60678,73309
"test";"flir1SOL0";"67124001";3024;14;0;-197109,045302214;132584,583390067;-590660,2216;-190504,70795;41024,62992
"test";"flir1SOL0";"75114001";3024;14;0;-222807,151942151;150457,93554794;-717561,3415;-203937,4601;23732,56869
"test";"fllat1SOL0";"6088001";3024;14;0;-205810,675097409;143825,928626868;-1498946,121;-176003,24945;-8399,16775
"test";"fllat1SOL0";"31069001";3024;14;1;-146514,135655761;226822,733672232;-1124364,291;-28386,331985;74392,58394
"test";"fllat1SOL0";"33281001";3024;14;0;-173294,281206199;271020,979171038;-1343339,315;-17288,65898;72781,54688
"test";"fllat1SOL0";"35281001";3024;14;0;-186788,276299437;291867,853177827;-1388180,246;-37458,78961;63702,5261
"test";"fllat1SOL0";"59343001";3024;14;0;-241770,977783162;383770,965919233;-1792361,348;-46287,639335;81376,06763
"test";"fllat1SOL0";"67124001";3024;14;0;-237762,374920133;385925,88455602;-1767926,292;-21427,92188;70004,66701
"test";"fllat1SOL0";"75114001";3024;14;0;-74242,5794825682;117702,32686102;-938237,8544;-25935,03716;40072,30646
"test";"flsen1SOL0";"6088001";3024;14;0;-65621,5313491325;92907,773029946;-590445,2112;-30253,88203;134244,6391
"test";"flsen1SOL0";"31069001";3024;14;0;-203294,694553106;364697,658660746;-1482609,165;-21023,731175;283678,1952
"test";"flsen1SOL0";"33281001";3024;14;0;-166371,459707878;298045,064100933;-1381277,1;-12589,49468;206623,1718
"test";"flsen1SOL0";"35281001";3024;14;0;-125848,500954742;229310,055968449;-1126334,289;-19739,715045;363309,7431
"test";"flsen1SOL0";"59343001";3024;14;0;-26050,7102303551;148402,386928431;-672524,4879;20976,4684;293026,7308
"test";"flsen1SOL0";"67124001";3024;14;0;-81560,9878035207;157282,780899388;-716991,7516;-5859,3405845;200124,9076
"test";"flsen1SOL0";"75114001";3024;14;0;-274345,074977833;367515,270651307;-1601117,678;-93475,252885;81316,99465
"test";"flvis1SOL0";"6088001";3024;14;936;751090,394473554;974369,43988522;0;113021,9343;3131636,224
"test";"flvis1SOL0";"31069001";3024;14;952;644850,577597475;874549,316799111;0;61199,42725;2927100,292
"test";"flvis1SOL0";"33281001";3024;14;944;603761,894554385;829399,143808883;0;61533,831495;2855317,644
"test";"flvis1SOL0";"35281001";3024;14;944;484582,067700072;706170,540094408;0;44997,232875;2734199,557
"test";"flvis1SOL0";"59343001";3024;14;922;449275,497258503;648998,190285269;0;48350,743085;2541840,695
"test";"flvis1SOL0";"67124001";3024;14;928;528429,338691166;735755,042851713;0;70073,12638;2647498,901
"test";"flvis1SOL0";"75114001";3024;14;926;532017,280737451;758360,30156152;0;60303,259285;2875462,132
"test";"hcoulimSOL0";"6088001";3024;0;0;210,945500941558;261,563088489123;0,390532802;114,1346563;3214,060125
"test";"hcoulimSOL0";"31069001";3024;0;0;461,812639960911;448,722641100872;2,296493766;349,19216235;4128,500919
"test";"hcoulimSOL0";"33281001";3024;0;0;408,85982864758;482,69651003734;9,368422269;204,09224345;4262,245384
"test";"hcoulimSOL0";"35281001";3024;0;0;423,230723685689;441,252477195439;8,592086991;270,8056398;2869,907903
"test";"hcoulimSOL0";"59343001";3024;0;0;425,626007780321;449,586449310607;5,047570314;270,09070965;3604,50676
"test";"hcoulimSOL0";"67124001";3024;0;0;312,980947157836;433,266504580251;0,520892404;142,8836105;3986,682789
"test";"hcoulimSOL0";"75114001";3024;0;0;510,634928836781;477,801201501741;6,077998497;345,42254025;3362,553214
"test";"huH2";"6088001";3024;0;0;69,8145452705059;14,2145096555009;30,65313415;70,58449289;100,0130988
"test";"huH2";"31069001";3024;0;0;69,6170721182672;20,799989868981;19,82330461;73,98702343;99,73354982
"test";"huH2";"33281001";3024;0;0;74,4836796498909;20,3913831608251;19,37286273;80,367328605;99,88728059
"test";"huH2";"35281001";3024;0;0;82,7881752102116;15,111861304366;32,1191645;88,26718464;99,98438423
"test";"huH2";"59343001";3024;0;0;84,4916421866733;12,7242019981035;43,71458952;89,027726205;99,99020295
"test";"huH2";"67124001";3024;0;0;82,6376170732837;15,1519503349159;37,90150728;87,93275809;100,0291705
"test";"huH2";"75114001";3024;0;0;70,9484844475694;16,2482370319749;25,75429113;74,27172311;99,35017411
"test";"iwcSOL0";"6088001";3024;0;3024;0;0;0;0;0
"test";"iwcSOL0";"31069001";3024;0;3024;0;0;0;0;0
"test";"iwcSOL0";"33281001";3024;0;3024;0;0;0;0;0
"test";"iwcSOL0";"35281001";3024;0;3024;0;0;0;0;0
"test";"iwcSOL0";"59343001";3024;0;3024;0;0;0;0;0
"test";"iwcSOL0";"67124001";3024;0;2839;0,0237540532599206;0,103178692991334;0;0;0,75
"test";"iwcSOL0";"75114001";3024;0;3024;0;0;0;0;0
"test";"nbSOL0_HMoy";"6088001";3024;0;1554;0,850964137502315;1,82342347020566;0;0;8
"test";"nbSOL0_HMoy";"31069001";3024;0;1107;2,24981419204101;2,9779766939083;0;0,1908949255;8
"test";"nbSOL0_HMoy";"33281001";3024;0;966;2,36487342339484;2,97042222037147;0;0,4234451755;8
"test";"nbSOL0_HMoy";"35281001";3024;0;404;3,86023061662599;3,25094889019519;0;3,753432932;8
"test";"nbSOL0_HMoy";"59343001";3024;0;548;3,53983461332044;3,2777079298771;0;2,8979809845;8
"test";"nbSOL0_HMoy";"67124001";3024;0;562;2,84963547776918;3,08557248394564;0;1,4678084635;8
"test";"nbSOL0_HMoy";"75114001";3024;0;749;3,05661463669808;3,24702659466664;0;1,584496212;8
"test";"nH20";"6088001";3024;0;2967;0,0498348006597222;0,562869090180509;0;0;8
"test";"nH20";"31069001";3024;0;2736;0,547235466454034;1,95486833788082;0;0;8
"test";"nH20";"33281001";3024;0;2585;0,642144891765873;2,05267658650745;0;0;8
"test";"nH20";"35281001";3024;0;2340;0,883411983275463;2,31236171403423;0;0;8
"test";"nH20";"59343001";3024;0;2620;0,327397296031746;1,36547434759352;0;0;8
"test";"nH20";"67124001";3024;0;2428;0,858127830277447;2,32092758141306;0;0;8
"test";"nH20";"75114001";3024;0;2799;0,237707059250661;1,25403605289615;0;0;8
"test";"ntSOL0_HMoy";"6088001";3024;0;785;3,00513572472454;3,29591076353526;0;1,143435033;8
"test";"ntSOL0_HMoy";"31069001";3024;0;496;4,1544239860248;3,39153822581197;0;4,6247554;8
"test";"ntSOL0_HMoy";"33281001";3024;0;375;4,69230306361111;3,32363201426115;0;5,9806524745;8
"test";"ntSOL0_HMoy";"35281001";3024;0;93;5,99595134831482;2,79394849074857;0;7,844530265;8
"test";"ntSOL0_HMoy";"59343001";3024;0;123;5,82678466211806;2,89412557940966;0;7,7206916255;8
"test";"ntSOL0_HMoy";"67124001";3024;0;255;5,07739409694974;3,27539871639806;0;6,9478732505;8
"test";"ntSOL0_HMoy";"75114001";3024;0;218;5,55648084551257;3,08526670889051;0;7,5401043755;8
"test";"pMER0";"6088001";3024;0;0;1018,2839410083;7,07248748219225;994,9495402;1017,593836;1036,31096
"test";"pMER0";"31069001";3024;0;0;1020,70560547007;6,7317953937485;995,6616613;1021,3688105;1037,030678
"test";"pMER0";"33281001";3024;0;0;1020,65875020797;7,05488211808675;993,8151548;1021,444908;1037,905595
"test";"pMER0";"35281001";3024;0;0;1020,66913018714;7,80034032270221;992,3603598;1021,340983;1040,623485
"test";"pMER0";"59343001";3024;0;0;1019,9712609709;8,08336915478125;993,1654435;1020,619006;1040,702675
"test";"pMER0";"67124001";3024;0;0;1021,21637790112;8,05939703828808;996,9595486;1020,9055355;1040,949228
"test";"pMER0";"75114001";3024;0;0;1020,75009731329;7,93257959663819;994,4836083;1021,1036935;1041,384634
"test";"rr1SOL0";"6088001";3024;420;2351;0,0583849365714286;0,854100102199185;-0,0859375;0;36,00475159
"test";"rr1SOL0";"31069001";3024;420;2089;0,0447519293241167;0,359244799066378;-0,0859375;0;9,921132124
"test";"rr1SOL0";"33281001";3024;420;2052;0,059238261546467;0,632597458564982;-0,0859375;0;21,66555932
"test";"rr1SOL0";"35281001";3024;420;1672;0,0718302667730415;0,526834720255041;-0,0859375;0;12,11260436
"test";"rr1SOL0";"59343001";3024;420;1767;0,101312279153994;0,813934789234724;-0,0625;0;26,81604174
"test";"rr1SOL0";"67124001";3024;420;1840;0,0807698861785714;0,53406197076634;-0,0625;0;12,85317704
"test";"rr1SOL0";"75114001";3024;420;1963;0,0565294333556068;0,529780390274905;-0,0859375;0;19,31940861
"test";"rrH20";"6088001";3024;0;2893;0,00113348815806878;0,0175055420944432;0;0;0,78507809
"test";"rrH20";"31069001";3024;0;2776;0,00140299290575397;0,0110669532437307;0;0;0,208079946
"test";"rrH20";"33281001";3024;0;2826;0,00164308184093915;0,0161509772702094;0;0;0,508288282
"test";"rrH20";"35281001";3024;0;2541;0,00263499753968254;0,0219033237994631;0;0;0,864668946
"test";"rrH20";"59343001";3024;0;2474;0,00282627190112434;0,0166814339063084;0;0;0,45722876
"test";"rrH20";"67124001";3024;0;2635;0,00244277329034392;0,0163427527012421;0;0;0,391447545
"test";"rrH20";"75114001";3024;0;2640;0,0018568698015873;0,0108966813197105;0;0;0,259140213
"test";"tH2";"6088001";3024;0;0;19,5209467579851;4,26985186094121;8,951731458;20,064224715;29,57604543
"test";"tH2";"31069001";3024;0;0;16,729216985747;7,36892629381804;-1,646488589;16,666353605;35,06325175
"test";"tH2";"33281001";3024;0;0;15,6744732314821;7,34028345717206;0,123354073;15,53648895;37,19761375
"test";"tH2";"35281001";3024;0;0;13,332555423754;5,83444751763744;-0,290264698;13,34776478;30,62762244
"test";"tH2";"59343001";3024;0;0;12,6439403248767;6,16432542411858;-2,506325255;13,402812975;29,62968209
"test";"tH2";"67124001";3024;0;0;12,6539022637027;8,09636170783009;-4,802929844;13,7842387;32,14322143
"test";"tH2";"75114001";3024;0;0;14,8266183405367;6,67020590353601;-0,401322513;15,633166175;32,70498697
"test";"tH2_VGrad_2.100";"6088001";3024;0;0;-0,128031791281085;1,12430881403759;-1,725596596;-0,5552604515;7,317931223
"test";"tH2_VGrad_2.100";"31069001";3024;0;0;-0,634129709354828;2,86570499497891;-5,759997514;-0,8125619905;9,66061987
"test";"tH2_VGrad_2.100";"33281001";3024;0;0;0,0667922653720238;3,14797077738531;-5,006725709;-0,505346528;10,8758111
"test";"tH2_VGrad_2.100";"35281001";3024;0;0;-0,0662648993214286;2,00550108331062;-2,818126426;-0,7180579695;11,12568059
"test";"tH2_VGrad_2.100";"59343001";3024;0;0;0,337930381639881;2,16783620028924;-2,529118728;-0,4162934155;8,371857117
"test";"tH2_VGrad_2.100";"67124001";3024;0;0;0,686793417776455;2,63079910403385;-2,773794963;-0,1876888515;8,475486876
"test";"tH2_VGrad_2.100";"75114001";3024;0;0;-1,26034224875562;1,20071974343791;-3,710259867;-1,293306038;4,159687968
"test";"tH2_XGrad";"6088001";3024;0;0;0,000818565213293651;0,00206253938103904;-0,010700144;0,0002985805;0,011300183
"test";"tH2_XGrad";"31069001";3024;0;0;0,00273435613161376;0,00294187433490945;-0,010854422;0,0019954725;0,021721028
"test";"tH2_XGrad";"33281001";3024;0;0;-3,90866765873018e-06;0,00424070926964329;-0,021317466;0,0004328765;0,011378886
"test";"tH2_XGrad";"35281001";3024;0;0;0,00194499006779101;0,00224452190918493;-0,004501251;0,0015197415;0,014912052
"test";"tH2_XGrad";"59343001";3024;0;0;-0,000172526580687831;0,0021224847839741;-0,011770592;-4,29e-05;0,013455171
"test";"tH2_XGrad";"67124001";3024;0;0;0,00231331785449735;0,00218067075970158;-0,008199624;0,0020793115;0,012484683
"test";"tH2_XGrad";"75114001";3024;0;0;0,000298267039351852;0,00127313122716475;-0,005582558;0,000345679;0,01657677
"test";"tH2_YGrad";"6088001";3024;0;0;0,000468207601521164;0,0077057408798089;-0,019422469;-0,000449257;0,025211399
"test";"tH2_YGrad";"31069001";3024;0;0;-0,00151222906150794;0,00241524642986759;-0,028304036;-0,0009261545;0,007042975
"test";"tH2_YGrad";"33281001";3024;0;0;-0,000228838752017196;0,00153198929351408;-0,006354641;-0,000122449;0,005326953
"test";"tH2_YGrad";"35281001";3024;0;0;0,00173509647916667;0,00176484786077066;-0,00314528;0,001362053;0,014320112
"test";"tH2_YGrad";"59343001";3024;0;0;0,00282044678102513;0,00243249294701174;-0,004283452;0,0021846215;0,013373923
"test";"tH2_YGrad";"67124001";3024;0;0;-0,000352076570436508;0,00146464007289762;-0,010261348;-0,0003528225;0,01090957
"test";"tH2_YGrad";"75114001";3024;0;0;0,00303252206481481;0,0020949899520667;-0,007896672;0,002574924;0,011780892
"test";"tpwHPA850";"6088001";3024;0;0;13,4882326371412;3,90258493247996;2,306377957;13,97469385;21,24530833
"test";"tpwHPA850";"31069001";3024;0;0;12,4394817283267;3,71099540058567;3,293546203;12,87223992;21,18603073
"test";"tpwHPA850";"33281001";3024;0;0;12,1990838676313;3,25753933418024;1,650769745;12,40564154;20,69114229
"test";"tpwHPA850";"35281001";3024;0;0;11,25136909917;3,335017302638;2,96272198;11,07975645;20,460756
"test";"tpwHPA850";"59343001";3024;0;0;11,2434338851237;3,62451007095406;1,687186896;11,258145075;20,49471318
"test";"tpwHPA850";"67124001";3024;0;0;11,8997521883403;4,05058329885924;2,27941719;12,16161804;22,53328599
"test";"tpwHPA850";"75114001";3024;0;0;11,4118347617735;3,64260008592175;1,737332288;11,38378587;21,44111387
"test";"ux1H10";"6088001";3024;0;0;-0,877848511765212;3,90451484083635;-23,47961074;0,0699350915;13,60330288
"test";"ux1H10";"31069001";3024;0;0;0,653020385120701;4,72260561657977;-14,832418;0,7083175175;16,69570197
"test";"ux1H10";"33281001";3024;0;0;0,0203971181388889;3,97996266110885;-9,81520814;-0,604004446;23,92225215
"test";"ux1H10";"35281001";3024;0;0;0,800936337756283;3,88055530282339;-12,40457707;0,939018585;17,989525
"test";"ux1H10";"59343001";3024;0;0;1,99729711990708;4,19524850329467;-12,50884156;1,7281577435;34,39143029
"test";"ux1H10";"67124001";3024;0;0;0,781393468319444;2,03554024788967;-6,426303788;0,559754658;13,72938329
"test";"ux1H10";"75114001";3024;0;0;1,37541607162368;3,85233026641157;-8,735911783;1,160380542;17,66687931
"test";"vapcSOL0";"6088001";3024;0;0;22,627451225704;8,22015025600027;4,192478921;23,092506175;51,08245813
"test";"vapcSOL0";"31069001";3024;0;0;20,1447352442566;7,93991083585983;4,351704848;20,564910715;43,31796301
"test";"vapcSOL0";"33281001";3024;0;0;20,6464393655258;7,45386975875568;5,716921125;21,120864735;43,96683598
"test";"vapcSOL0";"35281001";3024;0;0;21,0968752043522;7,96084305237962;5,850518296;19,982539985;46,39925292
"test";"vapcSOL0";"59343001";3024;0;0;21,3722176369448;7,81999345573619;5,441893724;20,386098765;51,19146522
"test";"vapcSOL0";"67124001";3024;0;0;20,8546163446101;8,23120215516493;5,575614426;20,73942653;46,07062942
"test";"vapcSOL0";"75114001";3024;0;0;21,0158926573919;8,07470842398776;5,458206322;19,7684488;45,26936934
"test";"vx1H10";"6088001";3024;0;0;-0,251364411723545;3,39985019083224;-11,20815255;-0,734613255;15,18827244
"test";"vx1H10";"31069001";3024;0;0;0,221004799098876;3,91786068174945;-11,52850317;-0,248689508;13,8273076
"test";"vx1H10";"33281001";3024;0;0;-0,108308854319775;3,2226783318074;-11,74445696;0,0446044825;11,90939902
"test";"vx1H10";"35281001";3024;0;0;0,778910213381614;4,05717658689711;-13,09217016;0,7417047505;16,57325407
"test";"vx1H10";"59343001";3024;0;0;2,09237129466237;3,82378085255699;-11,54673455;2,283557618;15,06212245
"test";"vx1H10";"67124001";3024;0;0;0,286451981945106;3,41882779352446;-9,529228727;0,5784059745;10,82843214
"test";"vx1H10";"75114001";3024;0;0;1,02083396870304;4,03317208348737;-11,29439203;1,6697976745;12,3815756
